id,firstName,lastName,email,phone
1,Kendall,Coyle,kcoyle0@php.net,334-559-6757
2,Hubey,Trowill,htrowill1@unesco.org,286-936-4332
3,Tove,Melia,tmelia2@usa.gov,539-808-4334
4,Cassi,Terrazzo,cterrazzo3@uol.com.br,377-117-7941
5,Dorotea,Shreeve,dshreeve4@sbwire.com,504-422-2902
6,Olly,Matt,omatt5@aol.com,496-506-2865
7,Lorens,Flannigan,lflannigan6@cnbc.com,212-124-2487
8,Tony,Lawee,tlawee7@ifeng.com,307-244-3882
9,Bel,Nern,bnern8@shutterfly.com,136-950-3171
10,Alick,Paynter,apaynter9@people.com.cn,984-741-3293
11,Alverta,Daud,adauda@paypal.com,466-298-7144
12,Alphonso,Pinch,apinchb@t.co,740-559-9225
13,Trumann,Sarfass,tsarfassc@blinklist.com,507-181-1575
14,Karalee,Jeeks,kjeeksd@deliciousdays.com,978-293-1240
15,Caterina,Dahle,cdahlee@constantcontact.com,890-880-8473
16,Porter,Arnfield,parnfieldf@abc.net.au,358-154-9346
17,Morlee,Slowan,mslowang@oaic.gov.au,116-523-0373
18,Iorgo,Tricker,itrickerh@sbwire.com,240-618-6114
19,Jade,Padillo,jpadilloi@unblog.fr,864-845-0995
20,Nicola,Truscott,ntruscottj@gravatar.com,753-892-2008
21,Zared,Gaye,zgayek@earthlink.net,618-426-9089
22,Oswald,Marriage,omarriagel@furl.net,379-200-0210
23,Mariquilla,Geockle,mgeocklem@merriam-webster.com,706-581-8363
24,Neville,Rosendahl,nrosendahln@usa.gov,279-596-4253
25,Colver,Cullivan,ccullivano@google.ru,282-197-0163
26,Jerald,Hugonneau,jhugonneaup@technorati.com,154-426-8746
27,Laird,Mundford,lmundfordq@oracle.com,244-339-5786
28,Reinaldos,Chappel,rchappelr@jiathis.com,318-776-7441
29,Giulia,Bewsy,gbewsys@bbc.co.uk,783-847-0703
30,Kare,McClifferty,kmccliffertyt@skyrock.com,897-327-0025
31,Hallsy,Giovannacci,hgiovannacciu@imdb.com,416-180-3867
32,Hyman,Vannet,hvannetv@sina.com.cn,470-396-4820
33,Donna,Shuxsmith,dshuxsmithw@reference.com,754-996-4860
34,Abbe,Granleese,agranleesex@moonfruit.com,295-212-5115
35,Darlene,Le Pruvost,dlepruvosty@shutterfly.com,391-456-5373
36,Margy,Maundrell,mmaundrellz@blinklist.com,924-995-9276
37,Emanuele,Pughe,epughe10@telegraph.co.uk,855-298-0300
38,Randall,Standall,rstandall11@symantec.com,594-743-1310
39,Nell,Croutear,ncroutear12@biblegateway.com,616-454-5989
40,Calley,Wildish,cwildish13@who.int,169-228-7832
41,Skelly,Mangin,smangin14@qq.com,327-931-1799
42,Vina,Manus,vmanus15@comcast.net,444-707-4728
43,Oliver,Ciotti,ociotti16@nbcnews.com,822-200-1962
44,Robinson,Hansed,rhansed17@apple.com,585-204-3829
45,Maddie,Burleigh,mburleigh18@blogger.com,432-462-8235
46,Christyna,Itzcak,citzcak19@sogou.com,799-915-0303
47,Donia,Witten,dwitten1a@weather.com,668-679-3472
48,Marysa,Rehor,mrehor1b@apple.com,443-946-0084
49,Carlin,Pranger,cpranger1c@weebly.com,877-969-0697
50,Webster,Swetland,wswetland1d@sogou.com,731-949-4418
51,Reuben,Gooch,rgooch1e@rambler.ru,191-846-2540
52,Bink,Reinhardt,breinhardt1f@shutterfly.com,655-876-8395
53,Genni,Pietesch,gpietesch1g@acquirethisname.com,337-260-8907
54,Denys,Sheeran,dsheeran1h@sohu.com,941-856-7861
55,Lon,Cosbey,lcosbey1i@hatena.ne.jp,417-192-0096
56,Leandra,Besant,lbesant1j@i2i.jp,583-522-4958
57,Bartel,Kettridge,bkettridge1k@themeforest.net,236-701-4188
58,Angelico,Waterfall,awaterfall1l@abc.net.au,764-953-1275
59,Bertha,Gerg,bgerg1m@uol.com.br,581-862-9646
60,Shirleen,Swinyard,sswinyard1n@behance.net,267-966-2401
61,Mariellen,Cars,mcars1o@hhs.gov,543-366-8333
62,Milt,Perocci,mperocci1p@furl.net,730-188-5042
63,Della,Keijser,dkeijser1q@salon.com,419-309-9659
64,Hillery,Palle,hpalle1r@elpais.com,335-710-7716
65,Cortney,Crang,ccrang1s@gizmodo.com,480-293-0176
66,Nessie,Shone,nshone1t@census.gov,618-339-0543
67,Brigitta,Bartkiewicz,bbartkiewicz1u@google.com.hk,680-126-6563
68,Marguerite,Freire,mfreire1v@facebook.com,207-911-2844
69,Paula,Ludewig,pludewig1w@umn.edu,240-103-0664
70,Ruthie,Vesque,rvesque1x@zimbio.com,321-983-2394
71,Sanderson,Banham,sbanham1y@businesswire.com,368-489-0065
72,Mickey,Paquet,mpaquet1z@fc2.com,190-186-9066
73,Joe,Bolus,jbolus20@sina.com.cn,424-578-7406
74,Wrennie,Chalder,wchalder21@slideshare.net,650-360-0376
75,Derby,Savin,dsavin22@buzzfeed.com,190-516-6240
76,Lesley,Maggi,lmaggi23@nydailynews.com,943-810-0972
77,Bernita,Bennitt,bbennitt24@flickr.com,514-124-7950
78,Janeva,Roadnight,jroadnight25@storify.com,741-558-3954
79,Gunilla,Kondratenya,gkondratenya26@nymag.com,178-848-5927
80,Annabal,Toplis,atoplis27@boston.com,926-463-0738
81,Fin,Bestwick,fbestwick28@so-net.ne.jp,935-110-1555
82,Bo,Gantzer,bgantzer29@ucla.edu,860-273-4754
83,Wake,Skipsea,wskipsea2a@flickr.com,456-364-5787
84,Karel,Edlyne,kedlyne2b@youtu.be,468-402-1638
85,Shell,Cullotey,scullotey2c@mozilla.org,145-345-5090
86,Tish,Gandrich,tgandrich2d@sohu.com,266-936-7653
87,Tatiania,Meiner,tmeiner2e@cloudflare.com,974-302-3342
88,Kaleb,Stainburn,kstainburn2f@symantec.com,706-724-7158
89,Esteban,Foston,efoston2g@simplemachines.org,454-618-4045
90,Melina,O'Meara,momeara2h@cbc.ca,602-780-2565
91,Lionello,Reboul,lreboul2i@virginia.edu,793-448-9462
92,Justis,Rogliero,jrogliero2j@pagesperso-orange.fr,705-232-6517
93,Buffy,Wilmot,bwilmot2k@cloudflare.com,822-636-5892
94,Susann,Shivlin,sshivlin2l@shareasale.com,790-771-2289
95,Lewes,Hobden,lhobden2m@amazon.com,867-574-6268
96,Hart,Dulanty,hdulanty2n@weebly.com,171-492-4154
97,Dolly,Willmont,dwillmont2o@jigsy.com,793-556-4807
98,Danita,Charnock,dcharnock2p@opera.com,707-418-2271
99,Danni,Lowrie,dlowrie2q@webs.com,601-468-4822
100,Reta,Bray,rbray2r@google.ru,203-621-0461
101,Raimondo,Mereweather,rmereweather2s@shareasale.com,530-937-4086
102,Bryant,Sarl,bsarl2t@usatoday.com,211-457-2458
103,Jorgan,Birtles,jbirtles2u@state.tx.us,416-421-8286
104,Joannes,Balderson,jbalderson2v@squidoo.com,532-295-2166
105,Heddie,Tiller,htiller2w@mit.edu,216-308-2296
106,Juliana,Lucks,jlucks2x@google.nl,555-536-5198
107,Valerye,Cowie,vcowie2y@virginia.edu,513-412-7559
108,Novelia,Goodwins,ngoodwins2z@java.com,116-648-6821
109,Ajay,Joiner,ajoiner30@cocolog-nifty.com,459-993-3054
110,Dotty,Gresswood,dgresswood31@prnewswire.com,348-648-3792
111,Humbert,Huddle,hhuddle32@google.ca,563-522-3306
112,Piper,Horley,phorley33@1und1.de,186-435-8631
113,Nealson,Szymoni,nszymoni34@example.com,184-298-3485
114,Colene,Balderson,cbalderson35@bloomberg.com,379-122-2168
115,Ignazio,Levane,ilevane36@surveymonkey.com,603-302-7597
116,Ferdy,Tancock,ftancock37@google.it,487-286-5115
117,Stafani,Walters,swalters38@jimdo.com,911-810-1778
118,Gavrielle,Celier,gcelier39@businessinsider.com,538-677-9006
119,Alexia,Dovington,adovington3a@fema.gov,624-401-3069
120,Ulrich,Romero,uromero3b@springer.com,664-368-8157
121,Iain,Torbeck,itorbeck3c@un.org,591-698-8896
122,Maritsa,Bromley,mbromley3d@4shared.com,162-575-7603
123,Saundra,Georgel,sgeorgel3e@nyu.edu,635-442-9485
124,Goraud,Coates,gcoates3f@sphinn.com,258-793-6628
125,Leonora,Trusty,ltrusty3g@tmall.com,777-770-0803
126,Joshua,Duckitt,jduckitt3h@blogspot.com,165-723-4471
127,Doro,McMechan,dmcmechan3i@comcast.net,205-807-9769
128,Tabitha,Todhunter,ttodhunter3j@noaa.gov,240-280-2251
129,Wesley,Brannigan,wbrannigan3k@shareasale.com,185-422-9877
130,Gladi,Le Fevre,glefevre3l@berkeley.edu,592-509-7691
131,Glynda,Root,groot3m@hugedomains.com,556-236-3853
132,Bonni,Waterhouse,bwaterhouse3n@ted.com,266-521-5916
133,Mikey,Dakers,mdakers3o@mozilla.org,883-799-4118
134,Anthiathia,McDade,amcdade3p@csmonitor.com,559-818-3167
135,Maudie,Geharke,mgeharke3q@sina.com.cn,668-945-3999
136,Eleonora,Burlingame,eburlingame3r@cnn.com,230-443-2727
137,Ulrikaumeko,Brisley,ubrisley3s@twitter.com,888-893-7946
138,Georas,Vigus,gvigus3t@cisco.com,466-301-8399
139,Kerr,Simonaitis,ksimonaitis3u@devhub.com,404-249-4714
140,Jakie,De Bernardis,jdebernardis3v@youtu.be,470-445-2539
141,Marnie,Wythe,mwythe3w@oaic.gov.au,542-589-3025
142,Lisha,Siddon,lsiddon3x@google.ca,927-494-5473
143,Sheela,McAlister,smcalister3y@ezinearticles.com,782-631-4934
144,Ranee,Schout,rschout3z@blogger.com,724-891-5955
145,Sharai,Puffett,spuffett40@xrea.com,736-754-0497
146,Leland,Budleigh,lbudleigh41@spotify.com,372-951-0199
147,Sibylla,Beavington,sbeavington42@flickr.com,206-600-6575
148,Brocky,Joseland,bjoseland43@apache.org,881-233-7556
149,Felicity,Shinfield,fshinfield44@answers.com,170-252-4566
150,Louie,MacCathay,lmaccathay45@weather.com,637-249-2764
151,Orsa,Hasell,ohasell46@canalblog.com,125-847-1737
152,Mahmoud,Larmour,mlarmour47@g.co,858-872-2502
153,Annalise,Symson,asymson48@census.gov,505-965-2508
154,Wolfie,Eynon,weynon49@goo.gl,795-612-8858
155,Jere,Farry,jfarry4a@weibo.com,236-565-8958
156,Art,Paiton,apaiton4b@salon.com,664-689-3714
157,Sibby,MacFadyen,smacfadyen4c@dropbox.com,318-688-1214
158,Clevey,Gyer,cgyer4d@delicious.com,892-361-7988
159,Estel,McGeagh,emcgeagh4e@jimdo.com,113-751-2409
160,Grady,Ferry,gferry4f@devhub.com,123-678-2612
161,Cecilla,Cattonnet,ccattonnet4g@howstuffworks.com,178-929-2707
162,Vivia,Medling,vmedling4h@cyberchimps.com,854-199-7913
163,Harwilll,Straw,hstraw4i@1688.com,657-157-3243
164,Kariotta,Whistlecraft,kwhistlecraft4j@nhs.uk,343-438-0016
165,Ernest,St Clair,estclair4k@nsw.gov.au,922-355-9506
166,Viviene,Abrashkin,vabrashkin4l@eepurl.com,673-617-2718
167,Randall,Mabon,rmabon4m@techcrunch.com,995-107-4112
168,Price,Cartan,pcartan4n@goodreads.com,560-385-5253
169,Enoch,Goodbourn,egoodbourn4o@google.pl,884-111-5109
170,Alana,Loyley,aloyley4p@cargocollective.com,661-940-6207
171,Cherilyn,Frazier,cfrazier4q@liveinternet.ru,366-900-1117
172,Leonerd,Ivakhno,livakhno4r@whitehouse.gov,683-227-8864
173,Lina,Coleford,lcoleford4s@nba.com,734-532-5210
174,Dorothy,Easter,deaster4t@moonfruit.com,546-712-0707
175,Caria,Hendrik,chendrik4u@thetimes.co.uk,579-277-5311
176,Linda,Yedy,lyedy4v@list-manage.com,642-522-0243
177,Lari,Castelot,lcastelot4w@shop-pro.jp,933-834-5477
178,Anderea,Savery,asavery4x@cmu.edu,139-561-2643
179,Vickie,Machent,vmachent4y@gnu.org,729-560-3261
180,Madelaine,Chainey,mchainey4z@illinois.edu,714-944-2516
181,Jonis,Ryce,jryce50@simplemachines.org,255-670-5030
182,Joelie,Massel,jmassel51@sogou.com,708-811-7093
183,Brandyn,Londesborough,blondesborough52@drupal.org,569-234-0852
184,Dillie,Weiner,dweiner53@tiny.cc,484-221-1202
185,Leona,Roder,lroder54@wunderground.com,473-485-5066
186,Dita,Dole,ddole55@umich.edu,327-193-7234
187,Rebekkah,Crookston,rcrookston56@abc.net.au,997-473-0582
188,Schuyler,Peaddie,speaddie57@disqus.com,964-985-6792
189,Marian,Goburn,mgoburn58@g.co,148-924-8006
190,Saudra,Beadell,sbeadell59@latimes.com,270-552-6910
191,Selena,Scroggins,sscroggins5a@timesonline.co.uk,864-271-5258
192,Merridie,Stubbington,mstubbington5b@cdc.gov,829-505-3245
193,Harmonia,Athridge,hathridge5c@ifeng.com,499-468-0801
194,Kearney,Harling,kharling5d@theglobeandmail.com,289-481-9813
195,Felita,Tingey,ftingey5e@friendfeed.com,836-651-3387
196,Olwen,Shackell,oshackell5f@hexun.com,318-825-4744
197,Immanuel,Orry,iorry5g@hhs.gov,313-356-6231
198,Freeman,Hans,fhans5h@cdbaby.com,104-299-5707
199,Emogene,Yaus,eyaus5i@tinyurl.com,467-912-3620
200,Broderic,Sumers,bsumers5j@cdc.gov,892-800-8959
201,Darren,Mackro,dmackro5k@163.com,599-441-1100
202,Carlye,Mullaney,cmullaney5l@cnbc.com,359-822-0934
203,Sabrina,Blackham,sblackham5m@domainmarket.com,544-465-2535
204,Hamilton,Danby,hdanby5n@epa.gov,588-966-0952
205,Cassie,Whife,cwhife5o@yelp.com,565-153-6592
206,Libbey,Gillinghams,lgillinghams5p@youku.com,907-432-8634
207,Rorie,Pedley,rpedley5q@tripod.com,317-342-1724
208,Aldo,Pool,apool5r@scientificamerican.com,662-595-9518
209,Hulda,Huntar,hhuntar5s@weather.com,264-639-1886
210,Ozzy,Szymon,oszymon5t@ftc.gov,361-298-0655
211,Jakie,Bew,jbew5u@gmpg.org,433-643-2460
212,Tiff,Mould,tmould5v@si.edu,329-262-6713
213,Lesley,Woodall,lwoodall5w@tinyurl.com,160-296-0089
214,Hurlee,Josham,hjosham5x@surveymonkey.com,583-697-7824
215,Terese,Olivi,tolivi5y@rakuten.co.jp,466-878-2186
216,Tallie,Whiles,twhiles5z@dagondesign.com,664-431-7710
217,Christian,Pomroy,cpomroy60@nsw.gov.au,597-423-7243
218,Sibbie,Northern,snorthern61@discovery.com,264-449-5420
219,Linea,Yole,lyole62@nature.com,263-125-2326
220,Timotheus,Road,troad63@bloomberg.com,710-801-2647
221,Karon,Tuffield,ktuffield64@house.gov,617-999-4505
222,Palmer,Sebring,psebring65@tripod.com,128-237-9999
223,Jefferson,Straniero,jstraniero66@google.ca,433-583-9455
224,Johannah,Renoden,jrenoden67@mac.com,511-641-8215
225,Samara,Dallywater,sdallywater68@flickr.com,530-993-1306
226,Mort,Clowton,mclowton69@army.mil,963-857-9673
227,Clywd,Laimable,claimable6a@disqus.com,665-901-1487
228,Yurik,Coultar,ycoultar6b@nydailynews.com,361-754-6429
229,Betteann,Hanratty,bhanratty6c@google.com.br,502-714-0845
230,Janaye,Southouse,jsouthouse6d@narod.ru,302-892-8199
231,Killy,Ottee,kottee6e@studiopress.com,889-918-0660
232,Roxana,Kemwal,rkemwal6f@usatoday.com,294-815-5782
233,Ignacius,Gunny,igunny6g@sourceforge.net,855-822-7071
234,Aveline,Mulder,amulder6h@oakley.com,280-625-8125
235,Adella,Weed,aweed6i@newsvine.com,107-325-1757
236,Nata,Madner,nmadner6j@google.de,495-637-2040
237,Bettye,Hughes,bhughes6k@jugem.jp,307-661-4352
238,Morton,Symms,msymms6l@constantcontact.com,611-999-5906
239,Buffy,Goodband,bgoodband6m@4shared.com,408-109-7834
240,Ulrica,Petroff,upetroff6n@virginia.edu,963-571-9109
241,Viv,McNeill,vmcneill6o@ed.gov,845-406-4535
242,Jolie,Yeliashev,jyeliashev6p@seattletimes.com,893-110-5351
243,Eloise,Lafoy,elafoy6q@time.com,112-214-0356
244,Nikki,Keegan,nkeegan6r@hatena.ne.jp,420-428-5176
245,Nelle,Jori,njori6s@ca.gov,972-755-6999
246,Brooks,Tollett,btollett6t@accuweather.com,380-370-4574
247,Korney,Jose,kjose6u@discuz.net,888-408-3209
248,Griselda,Rutledge,grutledge6v@1688.com,209-482-6413
249,Ryun,Scarffe,rscarffe6w@nature.com,688-387-5493
250,Lesly,Tryme,ltryme6x@flavors.me,788-158-2575
251,Adaline,Annear,aannear6y@adobe.com,282-461-2672
252,Elva,Corby,ecorby6z@desdev.cn,775-161-4301
253,Erl,Davis,edavis70@state.gov,742-603-4931
254,Tye,Kemetz,tkemetz71@sitemeter.com,423-597-0007
255,Traver,Springle,tspringle72@google.es,586-806-9759
256,Genevra,Silvester,gsilvester73@wikipedia.org,744-135-3546
257,Sigmund,Hackford,shackford74@acquirethisname.com,761-352-8766
258,Wheeler,Jeannel,wjeannel75@alexa.com,886-905-7721
259,Sophie,Keeves,skeeves76@sakura.ne.jp,226-898-3256
260,Conn,Mackison,cmackison77@ifeng.com,462-166-4796
261,Rosamond,Jime,rjime78@weibo.com,525-332-4309
262,Marven,Chater,mchater79@squarespace.com,800-620-9273
263,Arlana,Sandwich,asandwich7a@columbia.edu,318-985-0885
264,Bertrando,Sallier,bsallier7b@economist.com,911-345-4154
265,Agustin,Matias,amatias7c@goo.gl,203-576-7025
266,Isa,Vanshin,ivanshin7d@wired.com,401-928-1095
267,Harriet,Lord,hlord7e@hud.gov,210-691-3242
268,Derrek,Tollow,dtollow7f@nih.gov,305-125-3400
269,Amitie,Johann,ajohann7g@bbb.org,865-289-9599
270,Corbie,Janczak,cjanczak7h@wikipedia.org,565-633-9823
271,Eleanore,Dobby,edobby7i@usda.gov,657-330-9309
272,Zebulon,Found,zfound7j@japanpost.jp,106-805-3978
273,Lanette,Soppitt,lsoppitt7k@dropbox.com,264-404-1997
274,Dale,Woolham,dwoolham7l@phoca.cz,310-524-8640
275,Chan,Carragher,ccarragher7m@icq.com,970-401-0297
276,Johny,Bickersteth,jbickersteth7n@tmall.com,356-684-4218
277,Elie,Trenfield,etrenfield7o@google.co.uk,805-845-9403
278,Carita,Trees,ctrees7p@guardian.co.uk,316-118-9587
279,Carney,Joll,cjoll7q@dropbox.com,754-274-1109
280,Tucky,Saenz,tsaenz7r@flavors.me,741-206-0354
281,Kari,Bernhart,kbernhart7s@google.it,529-799-0434
282,Betteanne,Powderham,bpowderham7t@mozilla.org,328-853-3869
283,Austen,Thumnel,athumnel7u@comcast.net,781-588-6238
284,Charlot,Sirman,csirman7v@omniture.com,715-161-4997
285,Corilla,Feely,cfeely7w@senate.gov,719-430-6649
286,Jimmie,Oda,joda7x@sogou.com,992-322-0202
287,Eloisa,Semechik,esemechik7y@scientificamerican.com,128-861-7185
288,Dynah,Macvey,dmacvey7z@cnet.com,683-113-1913
289,Lucia,Furmagier,lfurmagier80@ftc.gov,666-309-2391
290,Lalo,Persent,lpersent81@twitpic.com,782-698-5482
291,Gwyn,Bines,gbines82@cbslocal.com,855-467-5901
292,Constancy,Scourgie,cscourgie83@printfriendly.com,195-751-7046
293,Melisandra,McPhilip,mmcphilip84@hud.gov,631-778-1962
294,Dwain,Fydoe,dfydoe85@blogspot.com,765-527-4215
295,Leeland,Boxer,lboxer86@ucoz.com,237-540-8054
296,Ulrich,Tuny,utuny87@loc.gov,601-253-2005
297,Zarah,Bahde,zbahde88@netlog.com,252-996-4738
298,Alyson,Eckert,aeckert89@comcast.net,396-757-7697
299,Hugibert,Ashard,hashard8a@tamu.edu,805-965-6939
300,Keelia,Abernethy,kabernethy8b@joomla.org,874-856-5678
301,Lorine,Wyllt,lwyllt8c@cdbaby.com,577-522-5973
302,Umberto,Domegan,udomegan8d@cyberchimps.com,269-569-4667
303,Ame,Leydon,aleydon8e@mlb.com,679-395-1321
304,Tyne,Stuck,tstuck8f@surveymonkey.com,248-551-7872
305,Joelle,Neave,jneave8g@joomla.org,472-712-1360
306,Rosaleen,Helmke,rhelmke8h@wp.com,748-759-2092
307,Livia,Haresign,lharesign8i@hud.gov,540-761-6212
308,Eden,Kinkaid,ekinkaid8j@vkontakte.ru,414-847-8419
309,Angelica,Curl,acurl8k@dmoz.org,232-906-5412
310,Humfrey,Vicary,hvicary8l@sciencedaily.com,371-302-4916
311,Cinnamon,Bushel,cbushel8m@foxnews.com,999-812-4740
312,Reggie,Cazereau,rcazereau8n@nasa.gov,739-184-3262
313,Clementina,Blennerhassett,cblennerhassett8o@statcounter.com,920-429-0007
314,Charles,Dickie,cdickie8p@rediff.com,900-606-3734
315,Kristin,Squier,ksquier8q@va.gov,772-337-8923
316,Angie,Treen,atreen8r@weibo.com,586-904-7728
317,Joyan,Oxborrow,joxborrow8s@etsy.com,256-689-6605
318,Frasier,Paulsson,fpaulsson8t@nyu.edu,158-894-4771
319,Lamond,Stirtle,lstirtle8u@columbia.edu,587-227-3680
320,Bennie,Betz,bbetz8v@wix.com,191-470-8409
321,Arney,Goscomb,agoscomb8w@soundcloud.com,820-842-6214
322,Debor,Sidaway,dsidaway8x@biblegateway.com,594-208-5674
323,Kacey,Petrazzi,kpetrazzi8y@redcross.org,232-353-5889
324,Kip,Boldt,kboldt8z@people.com.cn,972-256-0451
325,Demetre,Rizzolo,drizzolo90@mtv.com,348-558-2027
326,Wiley,Ciric,wciric91@umich.edu,153-967-2191
327,Cynthia,Gynne,cgynne92@nbcnews.com,204-833-9021
328,Clevey,Faint,cfaint93@examiner.com,424-691-2656
329,Corly,Spear,cspear94@tamu.edu,133-718-1549
330,Darbee,Corbyn,dcorbyn95@java.com,569-879-2149
331,Xena,Ludron,xludron96@cdbaby.com,396-637-8536
332,Sarge,Grimmert,sgrimmert97@rambler.ru,114-468-4607
333,Cheryl,Blakey,cblakey98@infoseek.co.jp,458-285-8562
334,Virginia,Sidden,vsidden99@geocities.com,668-884-6012
335,Reagan,Haggerwood,rhaggerwood9a@senate.gov,428-813-4827
336,Jazmin,Eynon,jeynon9b@cmu.edu,134-532-5736
337,Kirsteni,Quiddinton,kquiddinton9c@vistaprint.com,949-550-3139
338,Licha,Kestell,lkestell9d@baidu.com,339-985-4533
339,Eolanda,Emanson,eemanson9e@kickstarter.com,585-512-9573
340,Lonnie,Chilton,lchilton9f@scientificamerican.com,273-170-0658
341,Chadwick,Perton,cperton9g@mapquest.com,894-785-6499
342,Gill,Cliff,gcliff9h@posterous.com,286-808-4537
343,Kalle,Renfree,krenfree9i@hhs.gov,877-234-0284
344,Cam,McMahon,cmcmahon9j@nifty.com,384-683-2560
345,Joshua,Whyteman,jwhyteman9k@mashable.com,575-340-4941
346,Myriam,Clendening,mclendening9l@ezinearticles.com,486-723-7073
347,Yorgo,Macklam,ymacklam9m@oaic.gov.au,364-844-8372
348,Vannie,Fessions,vfessions9n@nifty.com,291-249-2238
349,Garner,Chotty,gchotty9o@desdev.cn,406-367-1443
350,Giustina,Janisson,gjanisson9p@gnu.org,301-863-0448
351,Darby,Harrhy,dharrhy9q@jugem.jp,220-537-1096
352,Normy,Dorant,ndorant9r@usatoday.com,601-192-9533
353,Lidia,Bowld,lbowld9s@youtu.be,479-687-0708
354,Kerry,Divis,kdivis9t@about.com,848-634-1210
355,Doreen,Clurow,dclurow9u@cafepress.com,666-390-8983
356,Erskine,Selburn,eselburn9v@amazon.de,464-489-7882
357,Fancie,Sherman,fsherman9w@creativecommons.org,655-320-4488
358,Ethelin,Hastelow,ehastelow9x@diigo.com,230-486-6811
359,Mallorie,Ivanishchev,mivanishchev9y@boston.com,258-592-9028
360,Aurelia,Dronsfield,adronsfield9z@who.int,606-319-0909
361,Tibold,Pigdon,tpigdona0@cloudflare.com,354-777-9729
362,Marcella,Rappoport,mrappoporta1@discovery.com,714-890-8184
363,Phyllis,Meredyth,pmeredytha2@tmall.com,338-811-3231
364,Gregg,Easterbrook,geasterbrooka3@weebly.com,666-161-6802
365,Ara,Verrill,averrilla4@google.com.br,671-551-3174
366,Tamera,Shynn,tshynna5@noaa.gov,781-444-5885
367,Brittani,Whapham,bwhaphama6@lulu.com,425-484-1182
368,Noach,Sigfrid,nsigfrida7@virginia.edu,532-207-9762
369,Dov,Jirek,djireka8@list-manage.com,104-766-2703
370,Sindee,Ranscome,sranscomea9@about.com,661-851-1222
371,Yorgos,Widdicombe,ywiddicombeaa@g.co,475-315-8792
372,Randie,Blanchflower,rblanchflowerab@epa.gov,547-625-3964
373,Dinny,Beelby,dbeelbyac@mediafire.com,869-678-2315
374,Catherin,Eallis,ceallisad@ameblo.jp,331-925-2186
375,Solomon,Mattecot,smattecotae@addtoany.com,544-201-2767
376,Maury,Moland,mmolandaf@spotify.com,312-200-8608
377,North,Molloy,nmolloyag@google.de,285-154-8399
378,Daffi,Powers,dpowersah@wired.com,254-128-1277
379,Guglielma,Niese,gnieseai@go.com,509-567-0090
380,Gian,Bromet,gbrometaj@guardian.co.uk,895-251-7261
381,Vonny,Drejer,vdrejerak@photobucket.com,923-570-1425
382,Aldric,Everard,aeverardal@ezinearticles.com,449-625-8873
383,Cale,Peterson,cpetersonam@blog.com,418-546-3755
384,Ivette,Bau,ibauan@nps.gov,301-813-5024
385,Tann,Starrs,tstarrsao@gravatar.com,843-331-6924
386,Putnem,Scrancher,pscrancherap@freewebs.com,307-910-3294
387,Sherline,Chaffin,schaffinaq@sina.com.cn,252-100-6628
388,Allison,Crack,acrackar@mozilla.org,719-730-1715
389,Ambur,Ackland,aacklandas@usgs.gov,507-609-7842
390,Cloe,Bartolomucci,cbartolomucciat@tmall.com,652-540-9425
391,Herold,Jollie,hjollieau@hc360.com,242-151-8106
392,Heinrik,Ingold,hingoldav@1und1.de,283-335-1270
393,Ivonne,Armall,iarmallaw@hibu.com,345-689-8780
394,Verna,Fidian,vfidianax@businessinsider.com,500-965-5069
395,Valma,Glenn,vglennay@yellowpages.com,581-708-5498
396,Wenona,Hark,wharkaz@ameblo.jp,109-440-7208
397,Fred,Lankham,flankhamb0@addthis.com,537-938-0393
398,Francisco,Hritzko,fhritzkob1@plala.or.jp,803-184-7324
399,Janeva,McNee,jmcneeb2@last.fm,622-850-1955
400,Christian,Tambling,ctamblingb3@nsw.gov.au,536-361-3969
401,Jamesy,MacKaig,jmackaigb4@joomla.org,931-543-7959
402,Glynda,Richings,grichingsb5@ning.com,175-398-3360
403,Coralyn,Kinzett,ckinzettb6@google.com.au,882-354-3902
404,Doralia,Godleman,dgodlemanb7@walmart.com,727-521-1564
405,Jarrod,Mendus,jmendusb8@cbsnews.com,422-557-7238
406,Natalina,Sabater,nsabaterb9@mozilla.com,279-119-1162
407,Shara,Birchett,sbirchettba@ft.com,107-345-0602
408,Fionna,Boundley,fboundleybb@tinypic.com,740-283-7083
409,Ber,Warton,bwartonbc@bloglines.com,537-264-5929
410,Yelena,Pinnick,ypinnickbd@cmu.edu,831-604-7223
411,Leo,Gay,lgaybe@home.pl,467-806-4654
412,Bjorn,Dyke,bdykebf@google.com,883-674-5906
413,Joseph,Mockes,jmockesbg@histats.com,489-867-2833
414,Nicko,Bolesworth,nbolesworthbh@newyorker.com,202-177-3138
415,Jamesy,Giffen,jgiffenbi@prlog.org,862-637-8627
416,Pietrek,Furman,pfurmanbj@cbc.ca,529-493-7776
417,Marlo,Mullaly,mmullalybk@tiny.cc,939-533-0495
418,Francis,Casellas,fcasellasbl@youku.com,944-465-2715
419,Fielding,Alflatt,falflattbm@unc.edu,951-641-3792
420,Taite,Couche,tcouchebn@bloomberg.com,690-925-2599
421,Dian,April,daprilbo@wikimedia.org,287-633-3171
422,Pavla,Bottoner,pbottonerbp@t-online.de,182-491-6993
423,Shirlee,Rennard,srennardbq@dailymail.co.uk,625-365-6702
424,Pauly,Fricke,pfrickebr@altervista.org,326-756-2212
425,Sofia,Bonnor,sbonnorbs@ed.gov,915-240-9722
426,Virgilio,Melia,vmeliabt@uiuc.edu,504-813-8461
427,Ewell,Ferguson,efergusonbu@wikimedia.org,562-445-8235
428,Cathy,Brunnen,cbrunnenbv@nyu.edu,303-371-2348
429,Ranee,Gocke,rgockebw@mapy.cz,158-881-8267
430,Debera,Twinberrow,dtwinberrowbx@nba.com,349-445-9817
431,Efren,Gipps,egippsby@wired.com,785-939-4659
432,Cesare,Heinrich,cheinrichbz@digg.com,230-288-1926
433,Marvin,Godney,mgodneyc0@ftc.gov,733-760-9319
434,Sherline,Sealy,ssealyc1@epa.gov,817-943-5181
435,Tanner,Belderfield,tbelderfieldc2@hc360.com,722-880-3084
436,Mercie,Pratton,mprattonc3@techcrunch.com,400-446-8885
437,Bethena,Reppaport,breppaportc4@opera.com,310-894-2096
438,Lynsey,Symper,lsymperc5@seattletimes.com,805-848-1710
439,Nikolaos,Mawtus,nmawtusc6@washingtonpost.com,954-545-8826
440,Herman,Kas,hkasc7@wikimedia.org,383-464-5691
441,Emmett,Quarrington,equarringtonc8@google.co.uk,854-952-1396
442,Adrianne,Baynam,abaynamc9@moonfruit.com,389-778-8615
443,Gabbi,Rudolf,grudolfca@miitbeian.gov.cn,584-337-4173
444,Larina,Hevey,lheveycb@imdb.com,327-899-1027
445,Philip,Zanetto,pzanettocc@mozilla.org,984-524-4667
446,Marthe,Gauvain,mgauvaincd@uol.com.br,942-163-4386
447,Cad,McPaike,cmcpaikece@google.es,643-458-7773
448,Cary,Veryard,cveryardcf@is.gd,785-694-8600
449,Darrin,Perree,dperreecg@japanpost.jp,741-348-1090
450,Amii,Divers,adiversch@nps.gov,722-610-2652
451,Laurel,Giraux,lgirauxci@about.com,623-469-0177
452,Wake,Meneely,wmeneelycj@qq.com,348-919-1468
453,Jaymie,Buckhurst,jbuckhurstck@mayoclinic.com,350-350-1743
454,Ronnie,Goreisr,rgoreisrcl@disqus.com,692-869-0654
455,Chico,Sherborne,csherbornecm@google.fr,148-727-0349
456,Jeralee,Dener,jdenercn@wisc.edu,526-463-2944
457,Vlad,Mapston,vmapstonco@163.com,771-355-1003
458,Skippie,Woodland,swoodlandcp@webs.com,483-945-6625
459,Isidore,Plows,iplowscq@mac.com,872-248-1511
460,Luciana,Girardini,lgirardinicr@statcounter.com,643-750-1267
461,Vick,Hayton,vhaytoncs@networksolutions.com,590-147-1597
462,Pascale,Petticrew,ppetticrewct@marketwatch.com,961-274-0334
463,Harriot,Dommersen,hdommersencu@sphinn.com,213-486-6265
464,Jacquenetta,Lifsey,jlifseycv@dailymotion.com,453-831-1539
465,Kippy,Coady,kcoadycw@naver.com,766-277-9213
466,Pepillo,Sprouls,psproulscx@naver.com,890-471-7463
467,Claudianus,Arend,carendcy@mozilla.com,128-459-7398
468,Maegan,Dudley,mdudleycz@miitbeian.gov.cn,468-596-5664
469,Hale,MacKee,hmackeed0@narod.ru,914-116-8882
470,Rosana,Lockyer,rlockyerd1@icio.us,927-856-7296
471,Duke,Lints,dlintsd2@about.me,818-974-3750
472,Junie,Armfirld,jarmfirldd3@globo.com,120-344-1742
473,Eleanor,Garber,egarberd4@tinypic.com,225-645-2880
474,Crissy,Godbert,cgodbertd5@livejournal.com,280-120-2355
475,Timmy,Darley,tdarleyd6@hibu.com,859-918-2613
476,Mychal,Allain,mallaind7@smh.com.au,584-279-5173
477,Reinwald,Deener,rdeenerd8@berkeley.edu,376-186-0069
478,Chic,Sanper,csanperd9@microsoft.com,454-489-9634
479,Mace,Horrell,mhorrellda@qq.com,852-877-1800
480,Jone,Sutcliff,jsutcliffdb@symantec.com,647-485-4684
481,Kenneth,Kaszper,kkaszperdc@irs.gov,436-129-9480
482,Powell,Beever,pbeeverdd@sciencedirect.com,301-191-3834
483,Tova,Cod,tcodde@simplemachines.org,254-663-3682
484,Flemming,Bum,fbumdf@godaddy.com,280-267-4360
485,Frances,MacMenamin,fmacmenamindg@macromedia.com,208-815-3565
486,Brynn,de Grey,bdegreydh@squidoo.com,645-204-5077
487,Montgomery,Djokovic,mdjokovicdi@ow.ly,302-713-5319
488,Kathryn,Brewer,kbrewerdj@squidoo.com,329-767-6976
489,Yale,Soot,ysootdk@japanpost.jp,694-944-0028
490,Pearl,Alvis,palvisdl@answers.com,595-814-8308
491,Celle,Gerrelts,cgerreltsdm@ameblo.jp,204-736-2670
492,Reinhard,Iacovolo,riacovolodn@comsenz.com,281-229-5520
493,Gussy,Cottrell,gcottrelldo@globo.com,998-177-4163
494,Simeon,Bescoby,sbescobydp@odnoklassniki.ru,923-758-3571
495,Paco,Faudrie,pfaudriedq@merriam-webster.com,257-239-5781
496,Billy,Rickersy,brickersydr@adobe.com,749-974-2996
497,Meridith,MacElholm,mmacelholmds@tuttocitta.it,974-128-6140
498,Alberto,Grogono,agrogonodt@google.es,114-723-4909
499,Flory,Whooley,fwhooleydu@sciencedirect.com,162-798-1709
500,Hilliary,Biddell,hbiddelldv@tripod.com,748-919-2797
501,Jaymee,Woodroofe,jwoodroofedw@ebay.co.uk,427-668-7344
502,Michelle,McInnerny,mmcinnernydx@usa.gov,370-445-6733
503,Dagmar,Scholer,dscholerdy@scribd.com,791-281-0758
504,Ami,Tribble,atribbledz@cam.ac.uk,292-764-0952
505,Polly,De Angelo,pdeangeloe0@biglobe.ne.jp,593-108-4573
506,Hakim,Whellams,hwhellamse1@deliciousdays.com,803-261-2276
507,Eirena,Berrington,eberringtone2@hibu.com,563-640-2305
508,Cami,Stearn,cstearne3@tmall.com,819-221-9879
509,Robinet,Koubek,rkoubeke4@loc.gov,125-956-3842
510,Mellie,Lushey,mlusheye5@chron.com,602-497-1891
511,Alexina,Mallabund,amallabunde6@ameblo.jp,151-426-0880
512,Whitney,Bousquet,wbousquete7@ebay.co.uk,677-772-5035
513,Beverley,Rowberry,browberrye8@ted.com,224-606-8670
514,Miguel,Laughton,mlaughtone9@marketwatch.com,731-721-1262
515,Packston,Joseph,pjosephea@surveymonkey.com,132-444-1488
516,Hamel,MacSkeagan,hmacskeaganeb@hc360.com,935-706-9269
517,Kittie,Hildrew,khildrewec@hatena.ne.jp,464-260-1003
518,Camilla,Cicchetto,ccicchettoed@reuters.com,537-756-7163
519,Janean,Goadbie,jgoadbieee@foxnews.com,938-980-9624
520,Merrel,Setterington,msetteringtonef@ask.com,577-985-1743
521,Georges,Kynastone,gkynastoneeg@noaa.gov,636-613-2785
522,Cordie,Betton,cbettoneh@boston.com,966-434-6043
523,Hanna,Chrippes,hchrippesei@opera.com,676-291-5814
524,Keene,Pardoe,kpardoeej@springer.com,556-341-1148
525,Lancelot,Kennedy,lkennedyek@printfriendly.com,588-414-9510
526,Selestina,Euston,seustonel@mayoclinic.com,682-895-2753
527,Trudi,Agutter,tagutterem@earthlink.net,442-967-8170
528,Matthew,Growcott,mgrowcotten@cmu.edu,684-424-4204
529,Reina,Bethune,rbethuneeo@wiley.com,733-977-6528
530,Abby,Strutz,astrutzep@indiegogo.com,137-593-5145
531,Verena,MacNeilly,vmacneillyeq@omniture.com,305-877-9502
532,Nikolai,Ragge,nraggeer@columbia.edu,672-218-4521
533,Lissie,Jouanny,ljouannyes@msu.edu,741-631-3229
534,Wes,Myderscough,wmyderscoughet@webmd.com,493-497-0014
535,Josey,Ox,joxeu@purevolume.com,451-433-2594
536,Yance,Newport,ynewportev@joomla.org,437-801-9826
537,Daniele,McCrossan,dmccrossanew@marriott.com,754-476-9711
538,Poul,Bradburn,pbradburnex@zdnet.com,492-515-2848
539,Diane,Moffet,dmoffetey@nature.com,625-423-4550
540,Oren,Gabits,ogabitsez@over-blog.com,300-785-1640
541,Elsinore,Lidgett,elidgettf0@so-net.ne.jp,569-476-3959
542,Wallis,Capaldo,wcapaldof1@cyberchimps.com,526-904-0220
543,Valentin,Bovingdon,vbovingdonf2@cbc.ca,315-931-6828
544,Cliff,Grunguer,cgrunguerf3@globo.com,407-915-9744
545,Yetty,Rossborough,yrossboroughf4@epa.gov,979-758-7419
546,Flory,Farra,ffarraf5@google.com,931-247-5903
547,Kienan,Hollows,khollowsf6@ucoz.com,292-192-2130
548,Fran,Hargie,fhargief7@blogtalkradio.com,844-201-8256
549,Jourdain,Little,jlittlef8@jigsy.com,272-593-9785
550,Gwendolyn,McDowell,gmcdowellf9@techcrunch.com,403-689-5852
551,Lisbeth,Liddell,lliddellfa@yelp.com,105-517-1820
552,Kale,Wardle,kwardlefb@flavors.me,690-325-7195
553,Thibaut,Noell,tnoellfc@tiny.cc,447-593-5460
554,Ruby,Beagan,rbeaganfd@uiuc.edu,852-839-7459
555,Tamara,Barks,tbarksfe@mayoclinic.com,178-864-8549
556,Baudoin,Penvarden,bpenvardenff@npr.org,788-784-7251
557,Helsa,Shippam,hshippamfg@aol.com,444-618-5128
558,Peterus,Life,plifefh@imgur.com,553-750-4352
559,Hillary,Espinho,hespinhofi@fotki.com,822-335-3609
560,Mahalia,Jouanet,mjouanetfj@smh.com.au,536-803-6726
561,Orsa,Midson,omidsonfk@deliciousdays.com,709-518-5820
562,Kelila,Barok,kbarokfl@acquirethisname.com,708-539-0555
563,Ellwood,Cheston,echestonfm@angelfire.com,904-931-2550
564,Aidan,Lettsom,alettsomfn@phoca.cz,397-920-4870
565,Bailey,Blaes,bblaesfo@uiuc.edu,959-373-4328
566,Oren,Yanshin,oyanshinfp@gnu.org,374-371-3249
567,Ofella,Sawkin,osawkinfq@businesswire.com,486-765-6289
568,Elaine,Poyner,epoynerfr@devhub.com,990-618-6186
569,Patricio,Landers,plandersfs@zimbio.com,663-809-2111
570,Darrell,Searjeant,dsearjeantft@yelp.com,868-822-0415
571,Sheffie,Hehnke,shehnkefu@chron.com,537-797-9043
572,Viviene,Gaudon,vgaudonfv@europa.eu,974-171-7715
573,Eduardo,McGillacoell,emcgillacoellfw@bbb.org,265-410-9622
574,Constantine,McCluney,cmccluneyfx@google.com,708-459-9604
575,Dyanna,Weddeburn - Scrimgeour,dweddeburnscrimgeourfy@reference.com,825-874-7065
576,Bordy,Cockman,bcockmanfz@skyrock.com,661-529-7148
577,Joanne,Manolov,jmanolovg0@dailymotion.com,941-877-9268
578,Felecia,Adlard,fadlardg1@artisteer.com,551-945-8003
579,Lanita,Buckmaster,lbuckmasterg2@vinaora.com,803-784-6069
580,Gradeigh,Scoggins,gscogginsg3@narod.ru,256-736-3226
581,Con,Sauvage,csauvageg4@altervista.org,746-144-2023
582,Sven,Bondley,sbondleyg5@prlog.org,788-641-3538
583,Zared,Deeny,zdeenyg6@1688.com,121-626-1566
584,Doloritas,Aldwick,daldwickg7@usnews.com,855-105-8985
585,Ron,Braden,rbradeng8@google.de,832-856-0648
586,Kathy,Domanski,kdomanskig9@jiathis.com,718-200-4946
587,Laughton,Pammenter,lpammenterga@sun.com,892-359-1897
588,Larissa,Bispo,lbispogb@tamu.edu,732-196-0777
589,Remus,Breadon,rbreadongc@histats.com,132-193-6062
590,Joycelin,Westover,jwestovergd@google.com.hk,988-138-5535
591,Deerdre,Flann,dflannge@wikipedia.org,851-622-0216
592,Alyosha,Ribey,aribeygf@buzzfeed.com,775-783-3715
593,Guido,Krates,gkratesgg@nhs.uk,325-327-3573
594,Alana,Savege,asavegegh@yandex.ru,304-790-6194
595,Vernen,Baudet,vbaudetgi@walmart.com,280-456-8770
596,Weylin,Goodrick,wgoodrickgj@microsoft.com,568-976-6536
597,Susanne,Gillbe,sgillbegk@blogger.com,819-692-3695
598,Eugene,Banbrick,ebanbrickgl@wunderground.com,168-170-5174
599,Karissa,Bohler,kbohlergm@chicagotribune.com,736-585-6851
600,Laurella,Habercham,lhaberchamgn@mail.ru,549-436-2098
601,Lorrie,Roubottom,lroubottomgo@hud.gov,692-501-9524
602,Ginger,Bumphrey,gbumphreygp@bbb.org,741-117-0250
603,Eugenius,Grayley,egrayleygq@netlog.com,823-846-2960
604,Nata,Abram,nabramgr@edublogs.org,545-245-1253
605,Norris,Coyish,ncoyishgs@intel.com,119-227-1350
606,Blithe,Dixson,bdixsongt@goo.ne.jp,357-606-9197
607,Mathew,Callinan,mcallinangu@umich.edu,215-759-1483
608,Mariele,Clissett,mclissettgv@arizona.edu,717-220-9455
609,Stormy,Stubbley,sstubbleygw@51.la,585-206-0147
610,Ellary,Garrud,egarrudgx@ifeng.com,286-582-1099
611,Madel,MacGillicuddy,mmacgillicuddygy@ca.gov,900-260-7386
612,Meta,Dunckley,mdunckleygz@blog.com,351-899-6977
613,Whitby,Spelsbury,wspelsburyh0@usatoday.com,552-555-1356
614,Margo,Vondrak,mvondrakh1@yellowbook.com,179-442-3041
615,Lorrie,Kolyagin,lkolyaginh2@digg.com,319-624-7305
616,Tristam,Haggleton,thaggletonh3@gravatar.com,162-601-9250
617,Bettye,Queyos,bqueyosh4@nydailynews.com,683-229-2214
618,Farlie,Rowth,frowthh5@fda.gov,564-927-0404
619,Miner,Gamil,mgamilh6@patch.com,415-340-9490
620,Marian,Muggach,mmuggachh7@scientificamerican.com,900-281-0923
621,Stephana,Loudian,sloudianh8@over-blog.com,355-310-9961
622,Faina,Troke,ftrokeh9@netscape.com,473-535-6998
623,Wallie,Stoddart,wstoddartha@theglobeandmail.com,214-650-3472
624,Brew,Tomisch,btomischhb@dedecms.com,336-532-0725
625,Alex,Leah,aleahhc@newsvine.com,298-820-9628
626,Tome,Devitt,tdevitthd@sciencedaily.com,328-419-0204
627,Derek,Overell,doverellhe@unicef.org,924-744-5923
628,Juditha,Jendrach,jjendrachhf@hexun.com,426-775-4999
629,Zandra,Chattelaine,zchattelainehg@miibeian.gov.cn,577-760-0386
630,Roana,Elsey,relseyhh@fc2.com,228-514-0580
631,Velvet,Harverson,vharversonhi@elpais.com,414-231-4974
632,Druci,Sibborn,dsibbornhj@hostgator.com,507-584-9939
633,Marie-jeanne,Feldhuhn,mfeldhuhnhk@fema.gov,383-211-9816
634,Andy,Reardon,areardonhl@imageshack.us,173-678-0916
635,Betteann,Robertsson,brobertssonhm@taobao.com,697-583-3227
636,Evan,Ceney,eceneyhn@ehow.com,857-701-3506
637,Nikoletta,Crackett,ncrackettho@csmonitor.com,528-290-8981
638,Bekki,Guiden,bguidenhp@networkadvertising.org,648-583-7563
639,Ferdinande,Fishbie,ffishbiehq@google.com.au,525-943-8830
640,Port,Magner,pmagnerhr@theglobeandmail.com,361-234-6104
641,Emlyn,Haymes,ehaymeshs@go.com,973-448-5210
642,Kissiah,Igglesden,kigglesdenht@mapy.cz,490-759-1794
643,Nancy,Stroton,nstrotonhu@xing.com,417-693-4621
644,Seline,Garnsworth,sgarnsworthhv@forbes.com,692-646-1276
645,Olva,Strugnell,ostrugnellhw@irs.gov,767-833-5151
646,Nathaniel,Halkyard,nhalkyardhx@vistaprint.com,435-959-0182
647,Jacquetta,Dymidowicz,jdymidowiczhy@harvard.edu,178-759-5712
648,Ruperto,Zoephel,rzoephelhz@who.int,104-507-4647
649,Daniela,Furst,dfursti0@bravesites.com,616-974-0467
650,Burk,Fortnam,bfortnami1@nydailynews.com,632-135-3122
651,Carline,Plumridge,cplumridgei2@free.fr,350-419-5658
652,Domenic,Settle,dsettlei3@cafepress.com,204-102-6639
653,Karlen,Leebeter,kleebeteri4@bing.com,824-402-2422
654,Misha,Mounsey,mmounseyi5@ustream.tv,130-617-3296
655,Yuma,Gierck,ygiercki6@istockphoto.com,719-950-9859
656,Tait,Cabane,tcabanei7@shutterfly.com,131-267-3436
657,Randal,Hawke,rhawkei8@patch.com,310-760-2028
658,Andonis,Berthon,aberthoni9@marriott.com,422-554-4525
659,Jordon,Fiveash,jfiveashia@epa.gov,644-231-2548
660,Tabor,Crews,tcrewsib@msu.edu,632-138-6864
661,Winifield,Plampeyn,wplampeynic@sciencedaily.com,264-890-0707
662,Rollie,Skett,rskettid@psu.edu,200-409-3042
663,Cameron,Vero,cveroie@merriam-webster.com,905-883-9190
664,Nanete,Arstingall,narstingallif@google.com,335-669-7633
665,Ellyn,Lyptrade,elyptradeig@sphinn.com,549-487-7288
666,Winifred,Greger,wgregerih@irs.gov,419-991-4334
667,Winnifred,Origan,woriganii@about.me,914-205-3802
668,Timofei,todor,ttodorij@miitbeian.gov.cn,675-344-4283
669,Bernie,Stockman,bstockmanik@tripadvisor.com,123-624-5872
670,Art,Mothersole,amothersoleil@sitemeter.com,691-552-6538
671,Jolene,Barz,jbarzim@1und1.de,136-913-8604
672,Shannan,Stayte,sstaytein@1688.com,113-701-8693
673,Cassey,Stuttard,cstuttardio@liveinternet.ru,317-550-7279
674,Nonna,Jerger,njergerip@nature.com,472-400-7753
675,Lauren,Baptista,lbaptistaiq@ebay.com,772-714-1686
676,Tris,Ben-Aharon,tbenaharonir@xrea.com,967-813-8424
677,Jerrylee,Durgan,jdurganis@over-blog.com,667-579-9243
678,Fin,Emnoney,femnoneyit@topsy.com,784-175-0803
679,Bella,Earley,bearleyiu@posterous.com,941-718-7620
680,Hewitt,Kiltie,hkiltieiv@disqus.com,792-111-4719
681,Cyndi,Andreopolos,candreopolosiw@nature.com,215-145-4737
682,Horace,Aberhart,haberhartix@vistaprint.com,600-643-3849
683,Huey,Massel,hmasseliy@printfriendly.com,346-564-7036
684,Shaun,Blaw,sblawiz@blog.com,232-376-3604
685,Abbie,Benedict,abenedictj0@qq.com,938-456-3718
686,Mabel,Maleham,mmalehamj1@theatlantic.com,508-777-9217
687,Emmett,Laycock,elaycockj2@mayoclinic.com,264-184-4699
688,Blinnie,Simmill,bsimmillj3@gravatar.com,382-613-5839
689,Karleen,Pegram,kpegramj4@nyu.edu,281-698-5691
690,Averill,Moye,amoyej5@va.gov,766-593-3245
691,Tamiko,Allchorne,tallchornej6@dropbox.com,307-856-9345
692,Cathie,Conboy,cconboyj7@e-recht24.de,455-155-3086
693,Opal,Ingray,oingrayj8@yellowbook.com,947-717-3801
694,Karry,Errington,kerringtonj9@baidu.com,256-893-4556
695,Jean,Bufton,jbuftonja@biblegateway.com,641-888-7361
696,Angelica,Petschelt,apetscheltjb@wordpress.com,948-189-8412
697,Wendeline,Enevold,wenevoldjc@dagondesign.com,421-658-4897
698,Barby,Culcheth,bculchethjd@is.gd,432-734-5274
699,Hewe,Annwyl,hannwylje@google.it,669-484-0104
700,Chrissie,Eccersley,ceccersleyjf@digg.com,135-217-7958
701,Stephine,Veltman,sveltmanjg@google.es,191-357-9038
702,Noach,Pescott,npescottjh@twitter.com,338-121-4253
703,Gabriella,Danks,gdanksji@themeforest.net,326-188-2794
704,Xena,Heindl,xheindljj@slashdot.org,432-768-8032
705,Dolli,Slot,dslotjk@amazon.de,299-790-2601
706,Berthe,Lambden,blambdenjl@mlb.com,245-263-8354
707,Miner,Houdmont,mhoudmontjm@yahoo.co.jp,153-952-7126
708,Ellswerth,MacAllaster,emacallasterjn@godaddy.com,405-256-8684
709,Dwayne,Capstaff,dcapstaffjo@netlog.com,693-661-0935
710,Onfre,Goldhawk,ogoldhawkjp@odnoklassniki.ru,287-131-2501
711,Skelly,Skerman,sskermanjq@ycombinator.com,902-213-1387
712,Norton,Ourry,nourryjr@admin.ch,168-867-8016
713,Robbi,Frankel,rfrankeljs@jugem.jp,487-156-4348
714,Prudence,Roberto,probertojt@e-recht24.de,235-284-0342
715,Cello,Doyle,cdoyleju@columbia.edu,840-582-4424
716,Carmina,Henstridge,chenstridgejv@nbcnews.com,556-415-6322
717,Rossie,Moniker,rmonikerjw@theglobeandmail.com,261-232-6801
718,Adah,Stainland,astainlandjx@tamu.edu,638-818-4882
719,Loella,Negri,lnegrijy@reference.com,752-262-2893
720,Malchy,Hardy-Piggin,mhardypigginjz@icio.us,113-931-3534
721,Hastie,Aveson,havesonk0@google.fr,900-752-6722
722,Sissy,Week,sweekk1@weather.com,173-448-4757
723,Ailee,Francescuccio,afrancescucciok2@naver.com,425-231-9871
724,Ginger,Duncan,gduncank3@springer.com,668-458-9370
725,Rhonda,Laskey,rlaskeyk4@archive.org,300-923-8846
726,Dillon,Pettyfer,dpettyferk5@slideshare.net,419-802-7242
727,Lucine,Broy,lbroyk6@360.cn,621-164-7304
728,Angeli,Faughnan,afaughnank7@cnbc.com,873-898-7001
729,Mabelle,Snewin,msnewink8@cdbaby.com,921-299-4162
730,Cecil,Baskerville,cbaskervillek9@economist.com,154-723-3153
731,Helaina,Lauthian,hlauthianka@vistaprint.com,734-547-0679
732,Wye,Kupis,wkupiskb@a8.net,256-657-4418
733,Fernanda,Fordham,ffordhamkc@feedburner.com,214-737-3905
734,Teresina,Puttergill,tputtergillkd@aboutads.info,305-707-7647
735,Lorie,Woan,lwoanke@usnews.com,632-175-4760
736,Jo,Brandolini,jbrandolinikf@boston.com,535-598-2775
737,Prince,Bygreaves,pbygreaveskg@free.fr,486-627-0666
738,Esdras,Carah,ecarahkh@patch.com,245-640-1803
739,Alexis,Deesly,adeeslyki@amazon.co.jp,367-730-8067
740,Kerry,Bolstridge,kbolstridgekj@ocn.ne.jp,151-137-1009
741,Aaren,Massenhove,amassenhovekk@acquirethisname.com,418-236-5200
742,Bonnibelle,Riddoch,briddochkl@mac.com,247-500-2552
743,Perkin,Zaczek,pzaczekkm@hostgator.com,205-462-5274
744,Gerick,Denholm,gdenholmkn@multiply.com,782-703-7722
745,Aretha,Cathee,acatheeko@squidoo.com,199-925-7051
746,Andria,Fleote,afleotekp@printfriendly.com,951-336-5284
747,Tonia,Bromehead,tbromeheadkq@slashdot.org,250-121-3859
748,Myer,Bedinham,mbedinhamkr@cargocollective.com,506-478-0019
749,Eula,Ivancevic,eivancevicks@google.nl,522-663-8136
750,Morly,Keoghan,mkeoghankt@patch.com,143-616-9081
751,Georges,Quarmby,gquarmbyku@umich.edu,836-251-3610
752,Wendy,Hemmingway,whemmingwaykv@dailymail.co.uk,969-906-5825
753,Karmen,Farrear,kfarrearkw@goo.ne.jp,326-823-9155
754,Torrie,Laslett,tlaslettkx@networkadvertising.org,855-827-8392
755,Bertrando,Quinnette,bquinnetteky@msn.com,126-735-8044
756,Ilse,Doyle,idoylekz@va.gov,631-801-2407
757,Kikelia,Worsom,kworsoml0@globo.com,142-476-9247
758,Boyd,Blinco,bblincol1@acquirethisname.com,897-180-7276
759,Theodor,Goldwater,tgoldwaterl2@technorati.com,731-648-6965
760,Nathan,Wibrew,nwibrewl3@jugem.jp,308-944-3791
761,Alexi,Gosnoll,agosnolll4@yellowpages.com,442-412-5377
762,Gale,Christaeas,gchristaeasl5@symantec.com,920-424-0705
763,Mayor,Macklam,mmacklaml6@ted.com,196-354-8010
764,Lise,Rittmeyer,lrittmeyerl7@europa.eu,101-840-3590
765,Ado,Dioniso,adionisol8@cargocollective.com,853-989-3834
766,Gabbie,Dillon,gdillonl9@networksolutions.com,978-740-9116
767,Cordelie,Franscioni,cfranscionila@bing.com,172-320-2758
768,Neilla,Ateggart,nateggartlb@odnoklassniki.ru,388-349-9807
769,Phip,Edlyn,pedlynlc@arstechnica.com,229-329-2189
770,Osbourne,Lawless,olawlessld@gov.uk,926-582-3751
771,Arleyne,Pardey,apardeyle@homestead.com,689-307-5368
772,Loree,Chatfield,lchatfieldlf@cdc.gov,469-313-2509
773,Norry,Toten,ntotenlg@alibaba.com,792-746-7585
774,Antonina,Palay,apalaylh@deliciousdays.com,937-214-7429
775,Olenolin,Hayles,ohaylesli@dedecms.com,204-904-3879
776,Robin,Searjeant,rsearjeantlj@biblegateway.com,933-619-7399
777,Jim,Wardle,jwardlelk@fc2.com,117-627-4028
778,Fraze,Wardrope,fwardropell@cpanel.net,787-211-9943
779,Almeria,Gytesham,agyteshamlm@devhub.com,264-342-4506
780,Melinda,Yurkevich,myurkevichln@indiegogo.com,673-635-1583
781,Meagan,Jindrak,mjindraklo@ucla.edu,201-527-7894
782,Loree,Gavrielli,lgavriellilp@google.cn,590-531-7504
783,Molly,Baitson,mbaitsonlq@google.com.hk,792-289-2592
784,Mariele,Worsell,mworselllr@kickstarter.com,804-304-8228
785,Gerti,Glassard,gglassardls@people.com.cn,107-327-9258
786,Claire,Keep,ckeeplt@tumblr.com,492-160-3980
787,Emmey,Opdenorth,eopdenorthlu@marketwatch.com,331-527-9738
788,Chico,Yexley,cyexleylv@reddit.com,768-645-2804
789,Pennie,Dufaur,pdufaurlw@intel.com,401-149-7506
790,Courtney,Donnett,cdonnettlx@adobe.com,699-383-3013
791,Jordana,Cuniam,jcuniamly@theglobeandmail.com,313-316-6180
792,Karisa,Matherson,kmathersonlz@webs.com,859-901-3659
793,Ralf,Mantle,rmantlem0@mediafire.com,439-334-9182
794,Jobie,Edridge,jedridgem1@google.ca,155-872-6839
795,Merola,Gierardi,mgierardim2@posterous.com,545-682-9941
796,Ainsley,Pechard,apechardm3@virginia.edu,114-949-7009
797,Engracia,Beeby,ebeebym4@huffingtonpost.com,930-567-5757
798,Ailee,Burgher,aburgherm5@indiegogo.com,615-117-6483
799,Anestassia,Lovegrove,alovegrovem6@yellowbook.com,844-871-3148
800,Bianca,Darridon,bdarridonm7@foxnews.com,644-940-4974
801,Howie,Andrini,handrinim8@csmonitor.com,192-387-1976
802,Millie,Peatt,mpeattm9@paypal.com,177-746-3730
803,Rosabel,Challenor,rchallenorma@wix.com,236-845-6351
804,Claudine,Carroll,ccarrollmb@webs.com,358-361-0733
805,Tybi,Elloit,telloitmc@goodreads.com,757-807-7491
806,Fionnula,Tibbits,ftibbitsmd@list-manage.com,822-489-4554
807,Chrysa,Oakes,coakesme@stumbleupon.com,646-624-5300
808,Jimmie,Coaker,jcoakermf@cnet.com,662-834-8128
809,Gino,Fothergill,gfothergillmg@nyu.edu,968-327-7219
810,Trescha,Streatley,tstreatleymh@domainmarket.com,563-694-6581
811,Anthia,Delacroux,adelacrouxmi@alibaba.com,243-714-9150
812,Patrizius,Fresson,pfressonmj@tiny.cc,651-422-8234
813,Wynne,Massy,wmassymk@opera.com,335-524-1859
814,Bonny,McCurt,bmccurtml@topsy.com,716-155-2053
815,Jareb,Thunnerclef,jthunnerclefmm@nytimes.com,708-611-0222
816,Cristal,Dreng,cdrengmn@dion.ne.jp,882-832-9056
817,Anny,Mc Combe,amccombemo@weebly.com,762-693-0047
818,Wyatt,Barkas,wbarkasmp@dedecms.com,962-178-6894
819,Quintana,Bampkin,qbampkinmq@washington.edu,447-521-7501
820,Annadiana,Igoe,aigoemr@hugedomains.com,935-617-4772
821,Courtney,Lawfull,clawfullms@merriam-webster.com,682-275-0840
822,Celia,Peskett,cpeskettmt@theglobeandmail.com,135-239-1145
823,Garwin,Bonnier,gbonniermu@tuttocitta.it,418-388-9061
824,Tim,de Clerc,tdeclercmv@oaic.gov.au,284-433-0290
825,Whitman,Sawden,wsawdenmw@lycos.com,512-444-7238
826,Alfy,Krzyzaniak,akrzyzaniakmx@github.io,787-132-4207
827,Kienan,Baldacchino,kbaldacchinomy@bigcartel.com,697-997-0381
828,Fritz,Jakubowicz,fjakubowiczmz@va.gov,740-171-7586
829,Doralia,De Coursey,ddecourseyn0@google.pl,447-142-1919
830,Morie,Linke,mlinken1@cnn.com,926-236-2087
831,Rosaline,Kitchiner,rkitchinern2@phoca.cz,914-614-3111
832,Kilian,Attwill,kattwilln3@example.com,181-908-9305
833,Linc,Presho,lpreshon4@marriott.com,107-274-4585
834,Jeanne,Verrillo,jverrillon5@ed.gov,183-790-1863
835,Abie,MacAskie,amacaskien6@delicious.com,458-355-4054
836,Almeta,Blaiklock,ablaiklockn7@exblog.jp,553-732-3101
837,Dore,Butterfint,dbutterfintn8@vkontakte.ru,895-276-1379
838,Ninette,Drysdell,ndrysdelln9@w3.org,743-649-6257
839,Ivan,Peirce,ipeircena@angelfire.com,472-133-9492
840,Christina,Iscowitz,ciscowitznb@mapy.cz,442-582-7903
841,Britte,Iannello,biannellonc@soup.io,664-379-5473
842,Kennith,Blackburne,kblackburnend@gmpg.org,847-919-9906
843,Jeannine,Donne,jdonnene@ovh.net,290-563-1839
844,Joyan,Domnin,jdomninnf@businessinsider.com,975-646-5165
845,Bruce,St. Clair,bstclairng@shutterfly.com,730-417-0083
846,Maurita,Kewzick,mkewzicknh@msn.com,950-671-4744
847,Berna,Eburah,beburahni@uiuc.edu,870-440-6664
848,Eudora,Ghidoni,eghidoninj@fc2.com,541-496-4280
849,Cynthea,Ouver,couvernk@webmd.com,594-590-5886
850,Chanda,Purse,cpursenl@icio.us,319-139-3995
851,Winnie,Hazleton,whazletonnm@posterous.com,917-159-4011
852,Francois,Bocken,fbockennn@businessweek.com,531-405-5935
853,Bette,McLugaish,bmclugaishno@yellowpages.com,416-104-8360
854,Dael,Ritch,dritchnp@wunderground.com,822-505-8385
855,Cosmo,Turford,cturfordnq@mtv.com,428-193-0186
856,Philly,Walsh,pwalshnr@google.com.au,119-956-8478
857,Cordy,Ashborn,cashbornns@amazon.co.jp,267-864-8798
858,Mersey,Robben,mrobbennt@360.cn,888-786-6474
859,Archambault,Janecki,ajaneckinu@sun.com,184-509-9193
860,Lenette,Cruce,lcrucenv@tinyurl.com,396-177-3176
861,Norry,Tooher,ntoohernw@com.com,269-815-7464
862,Missie,Pippard,mpippardnx@drupal.org,502-690-7901
863,Mathew,Pietrzak,mpietrzakny@webs.com,820-482-6755
864,Osgood,Burdin,oburdinnz@blogs.com,523-580-0617
865,Rania,Virgoe,rvirgoeo0@trellian.com,769-540-3472
866,Kylie,Berrisford,kberrisfordo1@yandex.ru,772-858-0111
867,Meghan,Clemenceau,mclemenceauo2@people.com.cn,382-526-6349
868,Adelbert,McGannon,amcgannono3@state.tx.us,392-147-8890
869,Serge,Edworthye,sedworthyeo4@cbc.ca,491-260-5922
870,Kellyann,Ottee,kotteeo5@utexas.edu,884-100-8127
871,Brandais,Howen,bhoweno6@mediafire.com,853-376-8196
872,Jermaine,Gaunter,jgauntero7@wp.com,758-464-1593
873,Rebecca,Roberti,rrobertio8@scientificamerican.com,818-365-3885
874,Rockwell,Pieroni,rpieronio9@istockphoto.com,851-991-0242
875,Judie,Gotobed,jgotobedoa@over-blog.com,185-660-6682
876,Northrup,Malzard,nmalzardob@google.com.au,379-969-5149
877,Niles,Heater,nheateroc@reuters.com,115-193-5903
878,Vi,Addionizio,vaddioniziood@chicagotribune.com,551-208-5787
879,Natassia,Waite,nwaiteoe@feedburner.com,378-875-5405
880,Tommi,Mor,tmorof@apache.org,952-624-7222
881,Falito,Cardero,fcarderoog@mysql.com,850-369-6105
882,Joanne,Castelot,jcastelotoh@plala.or.jp,696-237-7522
883,Vivianne,Wegener,vwegeneroi@mozilla.org,580-179-8113
884,Domini,Wortman,dwortmanoj@phoca.cz,181-887-1989
885,Brynna,Tardiff,btardiffok@nba.com,596-977-4241
886,Salomo,Kineton,skinetonol@imgur.com,784-606-2363
887,Selig,Erat,seratom@g.co,511-993-1689
888,Seline,Gladhill,sgladhillon@jiathis.com,389-665-6895
889,Mohandis,Jurczyk,mjurczykoo@opera.com,225-570-8737
890,Bill,Gilligan,bgilliganop@canalblog.com,335-304-8184
891,Caleb,Jocic,cjocicoq@yellowbook.com,656-370-8944
892,Kendra,Knevet,kknevetor@weibo.com,724-312-1636
893,Tove,Michie,tmichieos@prweb.com,885-704-8135
894,Tyson,Woodberry,twoodberryot@meetup.com,951-167-7405
895,Leland,Nannizzi,lnannizziou@yellowpages.com,995-501-6051
896,Cele,Hurdwell,churdwellov@pinterest.com,438-459-0753
897,Pearl,Innis,pinnisow@vistaprint.com,746-259-8959
898,Conrad,Biglin,cbiglinox@comcast.net,182-226-0328
899,Tatum,Watkiss,twatkissoy@house.gov,511-824-5838
900,Sammy,Bahia,sbahiaoz@360.cn,830-960-6954
901,Viola,Hannond,vhannondp0@un.org,140-872-8262
902,Yolanda,Kmieciak,ykmieciakp1@mediafire.com,894-613-7014
903,Valdemar,Worden,vwordenp2@arizona.edu,948-583-9694
904,Chilton,Butner,cbutnerp3@cisco.com,858-896-2561
905,Sher,Whitesel,swhiteselp4@ebay.com,964-339-2951
906,Sheryl,Overstone,soverstonep5@webeden.co.uk,292-237-5043
907,Stafani,Fordy,sfordyp6@discovery.com,503-508-7256
908,Hernando,MacGiffin,hmacgiffinp7@epa.gov,968-664-5907
909,Emmery,Giacomazzo,egiacomazzop8@sina.com.cn,661-326-1439
910,Antons,Haddington,ahaddingtonp9@cornell.edu,104-838-8372
911,Nathanil,Stockell,nstockellpa@smugmug.com,140-432-2503
912,Robers,Fry,rfrypb@ftc.gov,272-907-8570
913,Pierce,Joscelyn,pjoscelynpc@elegantthemes.com,912-441-2963
914,Xena,Cunney,xcunneypd@goodreads.com,321-712-3886
915,Olav,Minogue,ominoguepe@indiegogo.com,274-464-9474
916,Purcell,Grcic,pgrcicpf@theguardian.com,906-375-0406
917,Nanette,Kinig,nkinigpg@nyu.edu,157-240-5429
918,Dacey,Thorrold,dthorroldph@tiny.cc,359-577-0142
919,Rufus,Essam,ressampi@telegraph.co.uk,603-109-0262
920,Barbaraanne,Mathen,bmathenpj@xrea.com,725-148-6869
921,Quint,Notti,qnottipk@nifty.com,192-109-0356
922,Sheeree,Sandercock,ssandercockpl@people.com.cn,883-771-1821
923,Rosanna,Harcus,rharcuspm@spiegel.de,388-761-0044
924,Jedediah,Earey,jeareypn@cam.ac.uk,239-562-6935
925,Egon,Drees,edreespo@livejournal.com,519-302-7893
926,Ferdy,Hedau,fhedaupp@liveinternet.ru,474-309-9588
927,Skippy,Doncom,sdoncompq@sbwire.com,323-839-8988
928,Basil,Van Velden,bvanveldenpr@oracle.com,882-533-3233
929,Diann,Keeton,dkeetonps@is.gd,361-212-3071
930,Karel,Shapira,kshapirapt@cnbc.com,131-580-7418
931,Katey,Blint,kblintpu@example.com,407-449-5244
932,Luciano,Aitken,laitkenpv@theglobeandmail.com,196-850-9784
933,Chickie,Surmeir,csurmeirpw@marriott.com,880-664-6792
934,Sally,Godbert,sgodbertpx@so-net.ne.jp,367-403-9823
935,Sinclare,Greenhead,sgreenheadpy@jalbum.net,420-411-6293
936,Tracee,Jeens,tjeenspz@booking.com,157-761-9048
937,Larina,Martino,lmartinoq0@de.vu,105-168-2180
938,Way,Damsell,wdamsellq1@google.it,155-618-8531
939,Freddy,Loveman,flovemanq2@unesco.org,404-871-0296
940,Ivan,Lewins,ilewinsq3@wikimedia.org,117-224-5527
941,Cristy,Scrivens,cscrivensq4@histats.com,912-266-5551
942,Bertie,Stife,bstifeq5@csmonitor.com,458-145-5807
943,Feodora,Midlar,fmidlarq6@theguardian.com,365-793-2005
944,Corrie,McNickle,cmcnickleq7@sciencedirect.com,251-239-5594
945,Bellanca,Mocker,bmockerq8@cpanel.net,943-344-1823
946,Jenica,Lathbury,jlathburyq9@behance.net,405-794-2053
947,Filip,Snead,fsneadqa@zdnet.com,842-461-9619
948,Gardie,Stolz,gstolzqb@arizona.edu,799-857-8388
949,Tally,Wyrill,twyrillqc@tinypic.com,925-513-6208
950,Orelie,Cotterell,ocotterellqd@prlog.org,985-413-3676
951,Kalila,Bowshire,kbowshireqe@unc.edu,109-856-3284
952,Dukie,Rigeby,drigebyqf@cdc.gov,990-618-9156
953,Elwood,Antonomolii,eantonomoliiqg@list-manage.com,179-471-6318
954,Janetta,Galtone,jgaltoneqh@shutterfly.com,417-660-7210
955,Hans,Kantor,hkantorqi@cbslocal.com,676-718-6275
956,Celestyn,Dowber,cdowberqj@weather.com,930-254-9968
957,Aaron,Fairburne,afairburneqk@boston.com,745-270-0445
958,Jessi,Huskinson,jhuskinsonql@mlb.com,838-356-3686
959,Russ,Jiroudek,rjiroudekqm@wsj.com,384-957-8761
960,Tann,Ungerecht,tungerechtqn@sfgate.com,604-486-2208
961,Karisa,Lilion,klilionqo@gravatar.com,183-593-9091
962,Kirstin,Skerman,kskermanqp@europa.eu,488-252-0266
963,Rosalind,Attewell,rattewellqq@stanford.edu,548-150-9937
964,Janene,Gately,jgatelyqr@state.gov,515-377-8528
965,Demetra,Ellesworthe,delleswortheqs@github.io,517-393-1360
966,Aloin,Gerb,agerbqt@usda.gov,681-792-9165
967,Marlie,Fildes,mfildesqu@pen.io,437-371-5705
968,Sherri,Piers,spiersqv@soundcloud.com,628-213-9897
969,Silvan,Favill,sfavillqw@harvard.edu,426-129-8402
970,Dionne,Burnand,dburnandqx@boston.com,517-561-1895
971,Charline,Ingreda,cingredaqy@chicagotribune.com,372-827-6734
972,Jasmina,Scotford,jscotfordqz@adobe.com,967-724-5643
973,Coral,Jelleman,cjellemanr0@squidoo.com,367-803-3703
974,Vere,Garcia,vgarciar1@nih.gov,587-691-3631
975,Gui,Ellar,gellarr2@bloglines.com,438-190-1681
976,Feliza,Clemencet,fclemencetr3@diigo.com,781-171-4463
977,Dominik,Zecchini,dzecchinir4@wired.com,658-589-4171
978,Jessi,Shires,jshiresr5@prlog.org,568-330-1171
979,Joellyn,Sickling,jsicklingr6@telegraph.co.uk,404-526-4021
980,Cyndy,Jose,cjoser7@netlog.com,212-508-0254
981,Kerianne,Bosden,kbosdenr8@smugmug.com,459-948-0496
982,Jone,Assender,jassenderr9@discovery.com,386-510-8330
983,Charla,Barnsley,cbarnsleyra@shop-pro.jp,610-719-7958
984,Teddy,Remington,tremingtonrb@stanford.edu,560-401-1924
985,Ruperta,Fairholme,rfairholmerc@cdbaby.com,313-220-9580
986,Lucius,Furse,lfurserd@aboutads.info,472-891-8366
987,Whitman,O'Corhane,wocorhanere@tinyurl.com,775-422-6361
988,Gal,Van Arsdall,gvanarsdallrf@wikia.com,808-917-8973
989,Johnathon,Jacobsz,jjacobszrg@reference.com,698-284-1494
990,Tasha,Barczewski,tbarczewskirh@altervista.org,360-707-5603
991,Aaren,Peiro,apeirori@wix.com,829-178-4132
992,Bennett,Critten,bcrittenrj@mozilla.org,933-305-6487
993,Christiana,Philpot,cphilpotrk@statcounter.com,780-245-3143
994,Odella,Harness,oharnessrl@squarespace.com,481-341-8793
995,Sigismundo,Swannie,sswannierm@wix.com,498-503-5842
996,Jedidiah,McCarron,jmccarronrn@smugmug.com,517-174-0400
997,Claresta,Croysdale,ccroysdalero@topsy.com,583-425-0045
998,Wylie,Tingcomb,wtingcombrp@wikipedia.org,634-140-9405
999,Flory,Whichelow,fwhichelowrq@amazon.de,375-429-3607
1000,Andris,Hackett,ahackettrr@auda.org.au,918-811-2131
